{
    "$schema": "http://schema.management.azure.com/schemas/2015-01-01/deploymentTemplate.json#",
    "contentVersion": "1.0.0.0",
    "parameters": {
        "factoryName": {
            "type": "string",
            "metadata": "Data Factory name",
            "defaultValue": "adfcicddevv"
        },
        "bronzelayer_accountKey": {
            "type": "secureString",
            "metadata": "Secure string for 'accountKey' of 'bronzelayer'"
        },
        "bronzelayer_properties_typeProperties_url": {
            "type": "string",
            "defaultValue": "https://adfcicddatalakedev.dfs.core.windows.net/"
        },
        "get missions end point_properties_typeProperties_url": {
            "type": "string",
            "defaultValue": "https://osdr.nasa.gov/"
        }
    },
    "variables": {
        "factoryId": "[concat('Microsoft.DataFactory/factories/', parameters('factoryName'))]"
    },
    "resources": [
        {
            "name": "[concat(parameters('factoryName'), '/Getting Nasa API')]",
            "type": "Microsoft.DataFactory/factories/pipelines",
            "apiVersion": "2018-06-01",
            "properties": {
                "description": "Get Missions URLs from NASA API",
                "activities": [
                    {
                        "name": "Api_key_from_keyvalut",
                        "type": "WebActivity",
                        "dependsOn": [],
                        "policy": {
                            "timeout": "0.12:00:00",
                            "retry": 0,
                            "retryIntervalInSeconds": 30,
                            "secureOutput": true,
                            "secureInput": true
                        },
                        "userProperties": [],
                        "typeProperties": {
                            "method": "GET",
                            "headers": {},
                            "url": "https://apikeysecret.vault.azure.net/secrets/apikey/da89e41d9bd54d3f9ee04988b7f102c2?api-version=7.0",
                            "authentication": {
                                "type": "MSI",
                                "resource": "https://vault.azure.net"
                            }
                        }
                    },
                    {
                        "name": "Copy data1",
                        "type": "Copy",
                        "dependsOn": [
                            {
                                "activity": "Api_key_from_keyvalut",
                                "dependencyConditions": [
                                    "Succeeded"
                                ]
                            }
                        ],
                        "policy": {
                            "timeout": "0.12:00:00",
                            "retry": 0,
                            "retryIntervalInSeconds": 30,
                            "secureOutput": true,
                            "secureInput": true
                        },
                        "userProperties": [],
                        "typeProperties": {
                            "source": {
                                "type": "RestSource",
                                "httpRequestTimeout": "00:01:40",
                                "requestInterval": "00.00:00:00.010",
                                "requestMethod": "GET",
                                "additionalHeaders": {
                                    "api_key": {
                                        "value": "@activity('Api_key_from_keyvalut').output.value",
                                        "type": "Expression"
                                    }
                                },
                                "paginationRules": {
                                    "supportRFC5988": "true"
                                }
                            },
                            "sink": {
                                "type": "JsonSink",
                                "storeSettings": {
                                    "type": "AzureBlobFSWriteSettings"
                                },
                                "formatSettings": {
                                    "type": "JsonWriteSettings"
                                }
                            },
                            "enableStaging": false
                        },
                        "inputs": [
                            {
                                "referenceName": "restapi",
                                "type": "DatasetReference",
                                "parameters": {}
                            }
                        ],
                        "outputs": [
                            {
                                "referenceName": "target",
                                "type": "DatasetReference",
                                "parameters": {}
                            }
                        ]
                    },
                    {
                        "name": "Wait1",
                        "type": "Wait",
                        "dependsOn": [
                            {
                                "activity": "Api_key_from_keyvalut",
                                "dependencyConditions": [
                                    "Failed"
                                ]
                            }
                        ],
                        "userProperties": [],
                        "typeProperties": {
                            "waitTimeInSeconds": 1
                        }
                    }
                ],
                "policy": {
                    "elapsedTimeMetric": {}
                },
                "annotations": [],
                "lastPublishTime": "2024-09-16T16:02:15Z"
            },
            "dependsOn": [
                "[concat(variables('factoryId'), '/datasets/restapi')]",
                "[concat(variables('factoryId'), '/datasets/target')]"
            ]
        },
        {
            "name": "[concat(parameters('factoryName'), '/restapi')]",
            "type": "Microsoft.DataFactory/factories/datasets",
            "apiVersion": "2018-06-01",
            "properties": {
                "linkedServiceName": {
                    "referenceName": "get missions end point",
                    "type": "LinkedServiceReference"
                },
                "annotations": [],
                "type": "RestResource",
                "typeProperties": {
                    "relativeUrl": "geode-py/ws/api/missions/STS-116"
                },
                "schema": []
            },
            "dependsOn": [
                "[concat(variables('factoryId'), '/linkedServices/get missions end point')]"
            ]
        },
        {
            "name": "[concat(parameters('factoryName'), '/target')]",
            "type": "Microsoft.DataFactory/factories/datasets",
            "apiVersion": "2018-06-01",
            "properties": {
                "linkedServiceName": {
                    "referenceName": "bronzelayer",
                    "type": "LinkedServiceReference"
                },
                "annotations": [],
                "type": "Json",
                "typeProperties": {
                    "location": {
                        "type": "AzureBlobFSLocation",
                        "fileName": "STS-116-mission",
                        "folderPath": "missions",
                        "fileSystem": "bronze"
                    }
                },
                "schema": {}
            },
            "dependsOn": [
                "[concat(variables('factoryId'), '/linkedServices/bronzelayer')]"
            ]
        },
        {
            "name": "[concat(parameters('factoryName'), '/bronzelayer')]",
            "type": "Microsoft.DataFactory/factories/linkedServices",
            "apiVersion": "2018-06-01",
            "properties": {
                "annotations": [],
                "type": "AzureBlobFS",
                "typeProperties": {
                    "url": "[parameters('bronzelayer_properties_typeProperties_url')]",
                    "accountKey": {
                        "type": "SecureString",
                        "value": "[parameters('bronzelayer_accountKey')]"
                    }
                }
            },
            "dependsOn": []
        },
        {
            "name": "[concat(parameters('factoryName'), '/get missions end point')]",
            "type": "Microsoft.DataFactory/factories/linkedServices",
            "apiVersion": "2018-06-01",
            "properties": {
                "description": "added",
                "annotations": [],
                "type": "RestService",
                "typeProperties": {
                    "url": "[parameters('get missions end point_properties_typeProperties_url')]",
                    "enableServerCertificateValidation": true,
                    "authenticationType": "Anonymous"
                }
            },
            "dependsOn": []
        }
    ]
}