{
    "$schema": "https://schema.management.azure.com/schemas/2015-01-01/deploymentParameters.json#",
    "contentVersion": "1.0.0.0",
    "parameters": {
        "factoryName": {
            "value": "adfcicddevv"
        },
        "bronzelayer_accountKey": {
            "value": ""
        },
        "bronzelayer_properties_typeProperties_url": {
            "value": "https://adfcicddatalakedev.dfs.core.windows.net/"
        },
        "get missions end point_properties_typeProperties_url": {
            "value": "https://osdr.nasa.gov/"
        },
        "containerUri": {
            "value": ""
        },
        "containerSasToken": {
            "value": ""
        }
    }
}